<?xml version="1.0" encoding="UTF-8" ?>

<!DOCTYPE configuration PUBLIC "-//mybatis.org//DTD Config 3.0//EN"
"http://mybatis.org/dtd/mybatis-3-config.dtd">
<configuration>
<properties resource="database.properties"/>
<typeAliases>
	<typeAlias type="com.lz.entity.ProduceBean" alias="Produce" />
</typeAliases>
	<environments default="lz">
		<environment id="lz">
			<transactionManager type="JDBC" />
			<dataSource type="POOLED">				
				<property name="driver" value="${driver}" />			
				<property name="url" value="${url}" />
				<property name="username" value="${username}" />
				<property name="password" value="${password}" />
			</dataSource>
		</environment>
	</environments>
	<mappers>
	 <mapper resource="com/lz/mapper/ProduceBeanMapper.xml" />
	</mappers>
</configuration>
					