<?xml version="1.0" encoding="UTF-8" ?>
<!DOCTYPE mapper PUBLIC "-//mybatis.org//DTD Mapper 3.0//EN" "http://mybatis.org/dtd/mybatis-3-mapper.dtd" >
<mapper namespace="com.lz.dao.StudentBeanMapper" >
  <resultMap id="BaseResultMap" type="com.lz.entity.StudentBean" >
    <id column="ID" property="id" jdbcType="DECIMAL" />
    <result column="MARK" property="mark" jdbcType="VARCHAR" />
    <result column="AGE" property="age" jdbcType="VARCHAR" />
    <result column="ID_CARD" property="idCard" jdbcType="VARCHAR" />
    <result column="ADDRESS" property="address" jdbcType="VARCHAR" />
    <result column="NAME" property="name" jdbcType="VARCHAR" />
    <result column="PASSWORD" property="password" jdbcType="VARCHAR" />
    <result column="GRADE" property="grade" jdbcType="VARCHAR" />
    <result column="SCHOOL" property="school" jdbcType="VARCHAR" />
    <result column="INFO" property="info" jdbcType="VARCHAR" />
  </resultMap>
  <sql id="Base_Column_List" >
    ID, MARK, AGE, ID_CARD, ADDRESS, NAME, PASSWORD, GRADE, SCHOOL, INFO
  </sql>
  <select id="selectAll" parameterType="map" resultMap="BaseResultMap">
  <if test="(pageNum!=null) and (pageRows!=null) and(pageRows>0)">
  <![CDATA[
  select * from (
  select rownum rn,l.* from(
   	]]>
  </if>
  	select <include refid="Base_Column_List" /> from lu.s_student order by id
  <if test="(pageNum!=null) and (pageRows!=null) and(pageRows>0)">
  	<![CDATA[
  	)l where rownum<=${pageNum*pageRows}
  	)where rn>${(pageNum-1)*pageRows}
  	]]>
  	</if>
  </select>
  <select id="getRows" parameterType="map" resultType="int">
  	select count(id) from lu.s_student
  </select> 
  <select id="select"  resultMap="BaseResultMap" parameterType="java.lang.String">
  select <include refid="Base_Column_List"/> from s_student where mark=#{mark,jdbcType=VARCHAR}
   </select>
  

  <delete id="deleteByPrimaryKey" parameterType="java.lang.String" >
    delete from S_STUDENT
    where mark=#{mark,jdbcType=VARCHAR}
  </delete>
  <insert id="insert" parameterType="com.lz.entity.StudentBean" >
    insert into S_STUDENT (ID, MARK, AGE, 
      ID_CARD, ADDRESS, NAME, 
      PASSWORD, GRADE, SCHOOL, 
      INFO)
    values (#{id,jdbcType=DECIMAL}, #{mark,jdbcType=VARCHAR}, #{age,jdbcType=VARCHAR}, 
      #{idCard,jdbcType=VARCHAR}, #{address,jdbcType=VARCHAR}, #{name,jdbcType=VARCHAR}, 
      #{password,jdbcType=VARCHAR}, #{grade,jdbcType=VARCHAR}, #{school,jdbcType=VARCHAR}, 
      #{info,jdbcType=VARCHAR})
  </insert>
  <insert id="insertSelective" parameterType="com.lz.entity.StudentBean" >
    insert into S_STUDENT
    <trim prefix="(" suffix=")" suffixOverrides="," >
      <if test="id != null" >
        ID,
      </if>
      <if test="mark != null" >
        MARK,
      </if>
      <if test="age != null" >
        AGE,
      </if>
      <if test="idCard != null" >
        ID_CARD,
      </if>
      <if test="address != null" >
        ADDRESS,
      </if>
      <if test="name != null" >
        NAME,
      </if>
      <if test="password != null" >
        PASSWORD,
      </if>
      <if test="grade != null" >
        GRADE,
      </if>
      <if test="school != null" >
        SCHOOL,
      </if>
      <if test="info != null" >
        INFO,
      </if>
    </trim>
    <trim prefix="values (" suffix=")" suffixOverrides="," >
      <if test="id != null" >
        #{id,jdbcType=DECIMAL},
      </if>
      <if test="mark != null" >
        #{mark,jdbcType=VARCHAR},
      </if>
      <if test="age != null" >
        #{age,jdbcType=VARCHAR},
      </if>
      <if test="idCard != null" >
        #{idCard,jdbcType=VARCHAR},
      </if>
      <if test="address != null" >
        #{address,jdbcType=VARCHAR},
      </if>
      <if test="name != null" >
        #{name,jdbcType=VARCHAR},
      </if>
      <if test="password != null" >
        #{password,jdbcType=VARCHAR},
      </if>
      <if test="grade != null" >
        #{grade,jdbcType=VARCHAR},
      </if>
      <if test="school != null" >
        #{school,jdbcType=VARCHAR},
      </if>
      <if test="info != null" >
        #{info,jdbcType=VARCHAR},
      </if>
    </trim>
  </insert>
  <update id="update" parameterType="com.lz.entity.StudentBean" >
    update S_STUDENT
    <set >
   	  <if test="id != null" >       
   		 ID =  #{id,jdbcType=DECIMAL}
      </if>
      <if test="age != null" >
        AGE = #{age,jdbcType=VARCHAR},
      </if>
      <if test="idCard != null" >
        ID_CARD = #{idCard,jdbcType=VARCHAR},
      </if>
      <if test="address != null" >
        ADDRESS = #{address,jdbcType=VARCHAR},
      </if>
      <if test="name != null" >
        NAME = #{name,jdbcType=VARCHAR},
      </if>
      <if test="password != null" >
        PASSWORD = #{password,jdbcType=VARCHAR},
      </if>
      <if test="grade != null" >
        GRADE = #{grade,jdbcType=VARCHAR},
      </if>
      <if test="school != null" >
        SCHOOL = #{school,jdbcType=VARCHAR},
      </if>
      <if test="info != null" >
        INFO = #{info,jdbcType=VARCHAR},
      </if>
    </set>
    where MARK = #{mark,jdbcType=VARCHAR}
  </update>

  
</mapper>