<?xml version="1.0" encoding="UTF-8" ?>
<!DOCTYPE mapper PUBLIC "-//mybatis.org//DTD Mapper 3.0//EN" "http://mybatis.org/dtd/mybatis-3-mapper.dtd" >
<mapper namespace="com.lz.dao.AccountBeanMapper" >
  <resultMap id="BaseResultMap" type="com.lz.entity.AccountBean" >
    <id column="ID" property="id" jdbcType="DECIMAL" />
    <result column="PAYMENT" property="payment" jdbcType="BOOLEAN" />
    <result column="ADATE" property="adate" jdbcType="TIMESTAMP" />
    <result column="CATALOG_ID" property="catalogId" jdbcType="DECIMAL" />
    <result column="MONEY" property="money" jdbcType="DECIMAL" />
    <result column="REMARK" property="remark" jdbcType="VARCHAR" />
    <result column="USER_ID" property="userId" jdbcType="DECIMAL" />
    <association property="catalog" column="catalog_id" select="com.lz.dao.CatalogBeanMapper.selectByPrimaryKey"/>
  </resultMap>
  <sql id="Base_Column_List" >
    ID, PAYMENT, ADATE, CATALOG_ID, MONEY, REMARK, USER_ID
  </sql>
  <select id="selectByPrimaryKey" resultMap="BaseResultMap" parameterType="java.lang.Long" >
    select 
    <include refid="Base_Column_List" />
    from T_ACCOUNT
    where ID = #{id,jdbcType=DECIMAL}
  </select>
  <delete id="deleteByPrimaryKey" parameterType="java.lang.Long" >
    delete from T_ACCOUNT
    where ID = #{id,jdbcType=DECIMAL}
  </delete>
  <insert id="insertSelective" parameterType="com.lz.entity.AccountBean" useGeneratedKeys="true">
    <selectKey keyProperty="id" order="BEFORE" resultType="Long">
  	select seq_account.nextval from dual
  </selectKey>
    insert into T_ACCOUNT
    <trim prefix="(" suffix=")" suffixOverrides="," >
      <if test="id != null" >
        ID,
      </if>
      <if test="payment != null" >
        PAYMENT,
      </if>
      <if test="adate != null" >
        ADATE,
      </if>
      <if test="catalogId != null" >
        CATALOG_ID,
      </if>
      <if test="money != null" >
        MONEY,
      </if>
      <if test="remark != null" >
        REMARK,
      </if>
      <if test="userId != null" >
        USER_ID,
      </if>
    </trim>
    <trim prefix="values (" suffix=")" suffixOverrides="," >
      <if test="id != null" >
        #{id,jdbcType=DECIMAL},
      </if>
      <if test="payment != null" >
        #{payment,jdbcType=BOOLEAN},
      </if>
      <if test="adate != null" >
        #{adate,jdbcType=TIMESTAMP},
      </if>
      <if test="catalogId != null" >
        #{catalogId,jdbcType=DECIMAL},
      </if>
      <if test="money != null" >
        #{money,jdbcType=DECIMAL},
      </if>
      <if test="remark != null" >
        #{remark,jdbcType=VARCHAR},
      </if>
      <if test="userId != null" >
        #{userId,jdbcType=DECIMAL},
      </if>
    </trim>
  </insert>
  <update id="updateByPrimaryKeySelective" parameterType="com.lz.entity.AccountBean" >
  
    update T_ACCOUNT
    <set >
      <if test="payment != null" >
        PAYMENT = #{payment,jdbcType=BOOLEAN},
      </if>
      <if test="adate != null" >
        ADATE = #{adate,jdbcType=TIMESTAMP},
      </if>
      <if test="catalogId != null" >
        CATALOG_ID = #{catalogId,jdbcType=DECIMAL},
      </if>
      <if test="money != null" >
        MONEY = #{money,jdbcType=DECIMAL},
      </if>
      <if test="remark != null" >
        REMARK = #{remark,jdbcType=VARCHAR},
      </if>
      <if test="userId != null" >
        USER_ID = #{userId,jdbcType=DECIMAL},
      </if>
    </set>
    where ID = #{id,jdbcType=DECIMAL}
  </update>
  <sql id="selectByMapCondition">
    	<where>    	
    	<if test="id!=null">
    		id=#{id,jdbcType=DECIMAL}
    	</if>	
    	<if test="now!=null">
    		and to_char(ADATE,'yyyy-mm')=#{now}
    	</if>
    	<if test="userId!=null">
    		and user_id = #{userId}
    	</if>
    	</where>
  	</sql>
  	<select id="selectByMap" parameterType="map" resultMap="BaseResultMap">
  	<if test="pageNum!=null and rowsPerPage!=null and rowsPerPage > 0">
  	select * from(
  		select t.*,rownum rn from (
  	</if>
    	select 
    		<include refid="Base_Column_List" />
    	from t_account
    	<include refid="selectByMapCondition"/>
    	<if test="order!=null">
    		order by ${order}
    	</if>
    	<if test="pageNum!=null and rowsPerPage!=null and rowsPerPage > 0">
    	<![CDATA[
  		) t where rownum<=${pageNum*rowsPerPage}
  		) where rn>${(pageNum-1)*rowsPerPage}
    	]]>
  	</if>
  </select>
  <select id="selectByMapRowsNum" parameterType="map" resultType="int">
  	select count(*) from t_account <include refid="selectByMapCondition"/>
  </select> 
</mapper>