<?xml version="1.0" encoding="UTF-8" ?>
<!DOCTYPE mapper PUBLIC "-//mybatis.org//DTD Mapper 3.0//EN" "http://mybatis.org/dtd/mybatis-3-mapper.dtd" >
<mapper namespace="com.lz.dao.CatalogBeanMapper" >
  <resultMap id="BaseResultMap" type="com.lz.entity.CatalogBean" >
    <id column="ID" property="id" jdbcType="DECIMAL" />
    <result column="TITLE" property="title" jdbcType="VARCHAR" />
    <result column="DESCN" property="descn" jdbcType="DECIMAL" />
  </resultMap>
  <sql id="Base_Column_List" >
    ID, TITLE, DESCN
  </sql>
  <select id="selectByPrimaryKey" resultMap="BaseResultMap" parameterType="java.lang.Long" >
    select 
    <include refid="Base_Column_List" />
    from T_CATALOG
    where ID = #{id,jdbcType=DECIMAL}
  </select>
  <delete id="deleteByPrimaryKey" parameterType="java.lang.Long" >
    delete from T_CATALOG
    where ID = #{id,jdbcType=DECIMAL}
  </delete>
  <insert id="insertSelective" parameterType="com.lz.entity.CatalogBean" useGeneratedKeys="true">
  <selectKey keyProperty="id" order="BEFORE" resultType="Long">
  	select seq_catalog.nextval from dual
  </selectKey>
    insert into T_CATALOG
    <trim prefix="(" suffix=")" suffixOverrides="," >
      <if test="id != null" >
        ID,
      </if>
      <if test="title != null" >
        TITLE,
      </if>
      <if test="descn != null" >
        DESCN,
      </if>
    </trim>
    <trim prefix="values (" suffix=")" suffixOverrides="," >
      <if test="id != null" >
        #{id,jdbcType=DECIMAL},
      </if>
      <if test="title != null" >
        #{title,jdbcType=VARCHAR},
      </if>
      <if test="descn != null" >
        #{descn,jdbcType=DECIMAL},
      </if>
    </trim>
  </insert>
  <update id="updateByPrimaryKeySelective" parameterType="com.lz.entity.CatalogBean" >
    update T_CATALOG
    <set >
      <if test="title != null" >
        TITLE = #{title,jdbcType=VARCHAR},
      </if>
      <if test="descn != null" >
        DESCN = #{descn,jdbcType=DECIMAL},
      </if>
    </set>
    where ID = #{id,jdbcType=DECIMAL}
  </update>
  <sql id="selectByMapCondition">
    	<where>    	
    	<if test="id!=null">
    		id=#{id,jdbcType=DECIMAL}
    	</if>
    		
    	</where>
  	</sql>
  	<select id="selectByMap" parameterType="map" resultMap="BaseResultMap">
  	<if test="pageNum!=null and rowsPerPage!=null and rowsPerPage > 0">
  	select * from(
  		select t.*,rownum rn from (
  	</if>
    	select 
    		<include refid="Base_Column_List" />
    	from t_catalog
    	<include refid="selectByMapCondition"/>
    	<if test="order!=null">
    		order by ${order}
    	</if>
    	<if test="pageNum!=null and rowsPerPage!=null and rowsPerPage > 0">
    	<![CDATA[
  		) t where rownum<=${pageNum*rowsPerPage}
  		) where rn>${(pageNum-1)*rowsPerPage}
    	]]>
  	</if>
  </select>
  <select id="selectByMapRowsNum" parameterType="map" resultType="int">
  	select count(*) from t_catalog <include refid="selectByMapCondition"/>
  </select> 
</mapper>