<?xml version="1.0" encoding="UTF-8" ?>
<!DOCTYPE mapper PUBLIC "-//mybatis.org//DTD Mapper 3.0//EN" "http://mybatis.org/dtd/mybatis-3-mapper.dtd" >
<mapper namespace="com.lz.dao.UserBeanMapper" >
  <resultMap id="BaseResultMap" type="com.lz.entity.UserBean" >
    <id column="ID" property="id" jdbcType="DECIMAL" />
    <result column="USERNAME" property="username" jdbcType="VARCHAR" />
    <result column="PASSWORD" property="password" jdbcType="VARCHAR" />
  </resultMap>
  <sql id="Base_Column_List" >
    ID, USERNAME, PASSWORD
  </sql>
  <delete id="deleteByPrimaryKey" parameterType="java.lang.Long" >
    delete from T_USER
    where ID = #{id,jdbcType=DECIMAL}
  </delete>
  <insert id="insertSelective" parameterType="com.lz.entity.UserBean" useGeneratedKeys="true">
  <selectKey keyProperty="id" order="BEFORE" resultType="long" >
  	select seq_users.nextval from dual
  </selectKey>
    insert into T_USER
    <trim prefix="(" suffix=")" suffixOverrides="," >
      <if test="id != null" >
        ID,
      </if>
      <if test="username != null" >
        USERNAME,
      </if>
      <if test="password != null" >
        PASSWORD,
      </if>
    </trim>
    <trim prefix="values (" suffix=")" suffixOverrides="," >
      <if test="id != null" >
        #{id,jdbcType=DECIMAL},
      </if>
      <if test="username != null" >
        #{username,jdbcType=VARCHAR},
      </if>
      <if test="password != null" >
        #{password,jdbcType=VARCHAR},
      </if>
    </trim>
  </insert>
  <update id="updateByPrimaryKeySelective" parameterType="com.lz.entity.UserBean" >
    update T_USER
    <set >
      <if test="username != null" >
        USERNAME = #{username,jdbcType=VARCHAR},
      </if>
      <if test="password != null" >
        PASSWORD = #{password,jdbcType=VARCHAR},
      </if>
    </set>
    where ID = #{id,jdbcType=DECIMAL}
  </update>
  
  <select id="selectAll" parameterType="map" resultMap="BaseResultMap">
  <if test="(pageNum!=null) and (pageRows!=null) and(pageRows>0)">
  <![CDATA[
  select * from (
  select rownum rn,l.* from(
   	]]>
  </if>
  	select <include refid="Base_Column_List" /> from lu.t_user order by id
  <if test="(pageNum!=null) and (pageRows!=null) and(pageRows>0)">
  	<![CDATA[
  	)l where rownum<=${pageNum*pageRows}
  	)where rn>${(pageNum-1)*pageRows}
  	]]>
  	</if>
  </select>
  <select id="getRows" parameterType="map" resultType="int">
  	select count(id) from lu.t_user
  </select> 
  <select id="select"  resultMap="BaseResultMap" parameterType="java.lang.String">
  select <include refid="Base_Column_List"/> from t_user where username=#{username,jdbcType=VARCHAR}
   </select>
</mapper>