<?xml version="1.0" encoding="UTF-8" ?>
<!DOCTYPE mapper PUBLIC "-//mybatis.org//DTD Mapper 3.0//EN" "http://mybatis.org/dtd/mybatis-3-mapper.dtd" >
<mapper namespace="com.lz.dao.ProduceBeanMapper" >
  <resultMap id="BaseResultMap" type="com.lz.entity.ProduceBean" >
    <id column="ID" property="id" jdbcType="DECIMAL" />
    <result column="NAME" property="name" jdbcType="VARCHAR" />
    <result column="PADDR" property="paddr" jdbcType="VARCHAR" />
    <result column="PRICE" property="price" jdbcType="DECIMAL" />
  </resultMap>
  <sql id="Base_Column_List" >
    ID, NAME, PADDR, PRICE
  </sql>
  <select id="selectByPrimaryKey" resultMap="BaseResultMap" parameterType="java.lang.Long" >
    select 
    <include refid="Base_Column_List" />
    from LU.T_PRODUCE
    where ID = #{id,jdbcType=DECIMAL}
  </select>
  <delete id="deleteByPrimaryKey" parameterType="java.lang.Long" >
    delete from LU.T_PRODUCE
    where ID = #{id,jdbcType=DECIMAL}
  </delete>
  <insert id="insert" parameterType="Produce" >
    insert into LU.T_PRODUCE (ID, NAME, PADDR, 
      PRICE)
    values (#{id,jdbcType=DECIMAL}, #{name,jdbcType=VARCHAR}, #{paddr,jdbcType=VARCHAR}, 
      #{price,jdbcType=DECIMAL})
  </insert>
  <insert id="insertSelective" parameterType="com.lz.entity.ProduceBean" >
    insert into LU.T_PRODUCE
    <trim prefix="(" suffix=")" suffixOverrides="," >
      <if test="id != null" >
        ID,
      </if>
      <if test="name != null" >
        NAME,
      </if>
      <if test="paddr != null" >
        PADDR,
      </if>
      <if test="price != null" >
        PRICE,
      </if>
    </trim>
    <trim prefix="values (" suffix=")" suffixOverrides="," >
      <if test="id != null" >
        #{id,jdbcType=DECIMAL},
      </if>
      <if test="name != null" >
        #{name,jdbcType=VARCHAR},
      </if>
      <if test="paddr != null" >
        #{paddr,jdbcType=VARCHAR},
      </if>
      <if test="price != null" >
        #{price,jdbcType=DECIMAL},
      </if>
    </trim>
  </insert>
  <update id="updateByPrimaryKeySelective" parameterType="com.lz.entity.ProduceBean" >
    update LU.T_PRODUCE
    <set >
      <if test="name != null" >
        NAME = #{name,jdbcType=VARCHAR},
      </if>
      <if test="paddr != null" >
        PADDR = #{paddr,jdbcType=VARCHAR},
      </if>
      <if test="price != null" >
        PRICE = #{price,jdbcType=DECIMAL},
      </if>
    </set>
    where ID = #{id,jdbcType=DECIMAL}
  </update>
  <update id="updateByPrimaryKey" parameterType="com.lz.entity.ProduceBean" >
    update LU.T_PRODUCE
    set NAME = #{name,jdbcType=VARCHAR},
      PADDR = #{paddr,jdbcType=VARCHAR},
      PRICE = #{price,jdbcType=DECIMAL}
    where ID = #{id,jdbcType=DECIMAL}
  </update>
</mapper>