<?xml version="1.0" encoding="UTF-8"?>
<beans xmlns="http://www.springframework.org/schema/beans"
	xmlns:xsi="http://www.w3.org/2001/XMLSchema-instance"
	xmlns:p="http://www.springframework.org/schema/p"
	xmlns:tx="http://www.springframework.org/schema/tx"
	xmlns:context="http://www.springframework.org/schema/context"
	xsi:schemaLocation="http://www.springframework.org/schema/beans http://www.springframework.org/schema/beans/spring-beans.xsd
		http://www.springframework.org/schema/context http://www.springframework.org/schema/context/spring-context-4.1.xsd
		http://www.springframework.org/schema/tx http://www.springframework.org/schema/tx/spring-tx-4.1.xsd">
<context:property-placeholder location="classpath:database.properties" />
<bean id="dataSource" class="com.alibaba.druid.pool.DruidDataSource"
		p:driverClassName="${jdbc.driver}" p:url="${jdbc.url}" p:username="${jdbc.username}" p:password="${jdbc.password}" />
<bean id="sqlSessionFactory" class="org.mybatis.spring.SqlSessionFactoryBean"
		p:dataSource-ref="dataSource" p:mapperLocations="classpath:com/lz/mapper/*-mapper.xml" />
<bean class="org.mybatis.spring.mapper.MapperScannerConfigurer"
		p:basePackage="com.lz.dao" p:sqlSessionFactoryBeanName="sqlSessionFactory"
		p:markerInterface="com.lz.dao.SqlMapper" />
<tx:annotation-driven  />
<bean id="transactionManager"
		class="org.springframework.jdbc.datasource.DataSourceTransactionManager"
		p:dataSource-ref="dataSource" />		
		<context:component-scan base-package="com.lz">
			<context:include-filter type="annotation" expression="org.springframework.stereotype.Service"/>
			<context:include-filter type="annotation" expression="org.springframework.stereotype.Repository"/>
			<context:include-filter type="annotation" expression="org.springframework.stereotype.Component"/>
		</context:component-scan>
</beans>
