<?xml version='1.0' encoding='UTF-8'?>
<!DOCTYPE hibernate-configuration PUBLIC
          "-//Hibernate/Hibernate Configuration DTD 3.0//EN"
          "http://hibernate.sourceforge.net/hibernate-configuration-3.0.dtd">

<!-- Generated by MyEclipse Hibernate Tools.                   -->
<hibernate-configuration>

	<session-factory>
		<property name="myeclipse.connection.profile">lu</property>
		<property name="connection.url">
			jdbc:oracle:thin:loaclhost:1521:orcl
		</property>
		<property name="connection.username">lu</property>
		<property name="connection.password">123456</property>
		<property name="connection.driver_class">
			oracle.jdbc.OracleDriver
		</property>
		<property name="dialect">
			org.hibernate.dialect.Oracle9Dialect
		</property>
		<property name="show_sql">true</property>
		<mapping resource="com/lz/entity/StudentBean.hbm.xml" />

	</session-factory>

</hibernate-configuration>