<?xml version="1.0" encoding="UTF-8"?>
<!DOCTYPE struts PUBLIC
	"-//Apache Software Foundation//DTD Struts Configuration 2.5//EN"
	"http://struts.apache.org/dtds/struts-2.5.dtd">
<struts>
	<constant name="struts.action.extension" value="action" />
	<package name="default" extends="struts-default"
		strict-method-invocation="false">
		<action name="login" class="com.lz.action.LoginAction">
			<result name="input">/index.jsp</result>
			<result name="success">/list.jsp</result>
		</action>
		<action name="updata" class="com.lz.action.UpdateAction">
			<result name="success">/list.jsp</result>
			<result name="input">/update.jsp</result>
		</action>
		<action name="add" class="com.lz.action.AddAction">
			<result name="input">/add.jsp</result>
			<result name="success">/list.jsp</result>
		</action>
	</package>
</struts>	