<?xml version="1.0" encoding="utf-8"?>
<!DOCTYPE hibernate-mapping PUBLIC "-//Hibernate/Hibernate Mapping DTD 3.0//EN"
"http://hibernate.sourceforge.net/hibernate-mapping-3.0.dtd">
<!-- 
    Mapping file autogenerated by MyEclipse Persistence Tools
-->
<hibernate-mapping>
    <class name="com.lz.entity.StudentBean" table="S_STUDENT" schema="LU">
        <id name="id" type="java.lang.Long">
            <column name="ID" precision="18" scale="0" />
           
        </id>
        <property name="mark" type="java.lang.String">
            <column name="MARK" length="16" not-null="true" unique="true" />
        </property>
        <property name="age" type="java.lang.String">
            <column name="AGE" length="4" not-null="true" />
        </property>
        <property name="idCard" type="java.lang.String">
            <column name="ID_CARD" length="60" not-null="true" unique="true" />
        </property>
        <property name="address" type="java.lang.String">
            <column name="ADDRESS" length="200" not-null="true" />
        </property>
        <property name="name" type="java.lang.String">
            <column name="NAME" length="40" not-null="true" />
        </property>
        <property name="password" type="java.lang.String">
            <column name="PASSWORD" length="40" not-null="true" />
        </property>
        <property name="grade" type="java.lang.String">
            <column name="GRADE" length="40" not-null="true" />
        </property>
        <property name="school" type="java.lang.String">
            <column name="SCHOOL" length="40" not-null="true" />
        </property>
        <property name="info" type="java.lang.String">
            <column name="INFO" length="400" />
        </property>
    </class>
</hibernate-mapping>
