<?xml version="1.0" encoding="UTF-8"?>
<!DOCTYPE mapper PUBLIC "-//mybatis.org//DTD Mapper 3.0//EN" "http://mybatis.org/dtd/mybatis-3-mapper.dtd">
<mapper namespace="com.lz.dao.DictBeanMapper">
  <resultMap id="BaseResultMap" type="com.lz.entity.DictBean">
    <id column="ID" jdbcType="DECIMAL" property="id" />
    <result column="TITLE" jdbcType="VARCHAR" property="title" />
    <result column="PARENT_ID" jdbcType="DECIMAL" property="parentId" />
    <result column="DESC_TYPE" jdbcType="VARCHAR" property="descType" />
    <discriminator  column="DESC_TYPE" javaType="String" jdbcType="VARCHAR">
    	<case value="province" resultType="com.lz.entity.Province"/>
    	<case value="city" resultType="com.lz.entity.City"/>
    	<case value="Area" resultType="com.lz.entity.Area"/>
    </discriminator>
    
    
  </resultMap>
  <sql id="Base_Column_List">
    ID, TITLE, PARENT_ID, DESC_TYPE
  </sql>
  <select id="selectByPrimaryKey" parameterType="java.lang.Long" resultMap="BaseResultMap">
    select 
    <include refid="Base_Column_List" />
    from LUZHUO.T_DICT
    where ID = #{id,jdbcType=DECIMAL}
  </select>
  <delete id="deleteByPrimaryKey" parameterType="java.lang.Long">
    delete from LUZHUO.T_DICT
    where ID = #{id,jdbcType=DECIMAL}
  </delete>
  <insert id="insertSelective" parameterType="com.lz.entity.DictBean">
    insert into LUZHUO.T_DICT
    <trim prefix="(" suffix=")" suffixOverrides=",">
      <if test="id != null">
        ID,
      </if>
      <if test="title != null">
        TITLE,
      </if>
      <if test="parentId != null">
        PARENT_ID,
      </if>
      <if test="descType != null">
        DESC_TYPE,
      </if>
    </trim>
    <trim prefix="values (" suffix=")" suffixOverrides=",">
      <if test="id != null">
        #{id,jdbcType=DECIMAL},
      </if>
      <if test="title != null">
        #{title,jdbcType=VARCHAR},
      </if>
      <if test="parentId != null">
        #{parentId,jdbcType=DECIMAL},
      </if>
      <if test="descType != null">
        #{descType,jdbcType=VARCHAR},
      </if>
    </trim>
  </insert>
  <update id="updateByPrimaryKeySelective" parameterType="com.lz.entity.DictBean">
    update LUZHUO.T_DICT
    <set>
      <if test="title != null">
        TITLE = #{title,jdbcType=VARCHAR},
      </if>
      <if test="parentId != null">
        PARENT_ID = #{parentId,jdbcType=DECIMAL},
      </if>
      <if test="descType != null">
        DESC_TYPE = #{descType,jdbcType=VARCHAR},
      </if>
    </set>
    where ID = #{id,jdbcType=DECIMAL}
  </update>
  <sql id="condition">
 <where>
 	<if test="id!=null">
 	id=#{id,jdbcType=DECIMAL}
	 </if>
 	<if test="parentId != null">
        and PARENT_ID = #{parentId,jdbcType=DECIMAL}
      </if>
      <if test="descType != null">
        and DESC_TYPE = #{descType,jdbcType=VARCHAR}
      </if>
 </where>
 </sql>
 <select id="selectByMap" parameterType="map" resultMap="BaseResultMap">
 	<if test="pageNum!=null and rowsPerPage!=null and rowsPerPage>0">
 	select * from(
 		select t.*,rownum rn from(
 	</if>
 	select <include refid="Base_Column_List"/> from t_dict <include refid="condition"/>
 	<if test="pageNum!=null and rowsPerPage!=null and rowsPerPage>0">
 	<![CDATA[
 	)t where rownum<=${pageNum*rowsPerPage}
 	)where rn>${(pageNum-1)*rowsPerPage}
 	]]>
 	</if>
 </select>
 <select id="selectByRowsNum" parameterType="map" resultType="int">
 	select count(id) from t_dict
 	<include refid="condition"></include>
 </select>
</mapper>