<?xml version="1.0" encoding="UTF-8"?>

<!DOCTYPE configuration PUBLIC "-//mybatis.org//DTD Config 3.0//EN"
"http://mybatis.org/dtd/mybatis-3-config.dtd">
<configuration>
<properties resource="database.properties"/>
<typeAliases>
	<typeAlias type="com.lz.entity.ShoppingBean" alias="Shopping" />
	<typeAlias type="com.lz.entity.ShopperBean" alias="Shopper" />
	<typeAlias type="com.lz.entity.ManagerBean" alias="Manager" />
	<typeAlias type="com.lz.entity.PowerBean" alias="Power" />
</typeAliases>
	<environments default="lz">
		<environment id="lz">
			<transactionManager type="JDBC" />
			<dataSource type="POOLED">				
				<property name="driver" value="oracle.jdbc.OracleDriver" />			
				<property name="url" value="jdbc:oracle:thin:@localhost:1521:ORCL" />
				<property name="username" value="lu" />
				<property name="password" value="123456" />
			</dataSource>
		</environment>
	</environments>
	<mappers>
	 <mapper resource="com/lz/mapper/ShoppingBeanMapper.xml"/>
	 <mapper resource="com/lz/mapper/ShopperBeanMapper.xml"/>
	 <mapper resource="com/lz/mapper/ManagerBeanMapper.xml"/>
	 <mapper resource="com/lz/mapper/PowerBeanMapper.xml"/>
	 <mapper resource="com/lz/mapper/ListBeanMapper.xml"/>
	</mappers>
</configuration>