<?xml version="1.0" encoding="UTF-8"?>
<!DOCTYPE mapper PUBLIC "-//mybatis.org//DTD Mapper 3.0//EN" "http://mybatis.org/dtd/mybatis-3-mapper.dtd">
<mapper namespace="com.lz.dao.RoleBeanMapper">
  <resultMap id="BaseResultMap" type="com.lz.entity.RoleBean">
    <id column="ID" jdbcType="DECIMAL" property="id" />
    <result column="NAME" jdbcType="VARCHAR" property="name" />
    <result column="NEMO" jdbcType="VARCHAR" property="nemo" />
  </resultMap>
  <sql id="Base_Column_List">
    ID, NAME, NEMO
  </sql>
  <select id="selectByPrimaryKey" parameterType="java.lang.Long" resultMap="BaseResultMap">
    select 
    <include refid="Base_Column_List" />
    from LUZHUO.T_ROLES
    where ID = #{id,jdbcType=DECIMAL}
  </select>
  <delete id="deleteByPrimaryKey" parameterType="java.lang.Long">
    delete from LUZHUO.T_ROLES
    where ID = #{id,jdbcType=DECIMAL}
  </delete>

  <insert id="insertSelective" parameterType="com.lz.entity.RoleBean" 
  useGeneratedKeys="true" keyProperty="id" keyColumn="id">
    insert into LUZHUO.T_ROLES
    <trim prefix="(" suffix=")" suffixOverrides=",">
      <if test="id != null">
        ID,
      </if>
      <if test="name != null">
        NAME,
      </if>
      <if test="nemo != null">
        NEMO,
      </if>
    </trim>
    <trim prefix="values (" suffix=")" suffixOverrides=",">
      <if test="id != null">
        #{id,jdbcType=DECIMAL},
      </if>
      <if test="name != null">
        #{name,jdbcType=VARCHAR},
      </if>
      <if test="nemo != null">
        #{nemo,jdbcType=VARCHAR},
      </if>
    </trim>
  </insert>
  <update id="updateByPrimaryKeySelective" parameterType="com.lz.entity.RoleBean">
    update LUZHUO.T_ROLES
    <set>
      <if test="name != null">
        NAME = #{name,jdbcType=VARCHAR},
      </if>
      <if test="nemo != null">
        NEMO = #{nemo,jdbcType=VARCHAR},
      </if>
    </set>
    where ID = #{id,jdbcType=DECIMAL}
  </update>
 <sql id="condition">
 <where>
 <if test="id!=null">
 	id=#{id,jdbcType=DECIMAL}
 </if>
 </where>
 </sql>
 <select id="selectByMap" parameterType="map" resultMap="BaseResultMap">
 	<if test="pageNum!=null and rowsPerPage!=null and rowsPerPage>0">
 	select * from(
 		select t.*,rownum rn from(
 	</if>
 	select <include refid="Base_Column_List"/> from t_roles <include refid="condition"/>
 	<if test="pageNum!=null and rowsPerPage!=null and rowsPerPage>0">
 	<![CDATA[
 	)t where rownum<=${pageNum*rowsPerPage}
 	)where rn>${(pageNum-1)*rowsPerPage}
 	]]>
 	</if>
 </select>
 <select id="selectByMapRowsNum" parameterType="map" resultType="int">
 	select count(id) from t_roles
 	<include refid="condition"></include>
 </select>
</mapper>