<?xml version="1.0" encoding="UTF-8"?>
<!DOCTYPE mapper PUBLIC "-//mybatis.org//DTD Mapper 3.0//EN" "http://mybatis.org/dtd/mybatis-3-mapper.dtd">
<mapper namespace="com.lz.dao.UserBeanMapper">
  <resultMap id="BaseResultMap" type="com.lz.entity.UserBean">
    <id column="ID" jdbcType="DECIMAL" property="id" />
    <result column="USERNAME" jdbcType="VARCHAR" property="username" />
    <result column="PASSWORD" jdbcType="VARCHAR" property="password" />
    <result column="BIRTH" jdbcType="TIMESTAMP" property="birth" />
    <result column="SEX" jdbcType="BOOLEAN" property="sex" />
    <result column="ROLE_ID" jdbcType="DECIMAL" property="roleId" />
    <association property="role" column="role_id" select="com.lz.dao.RoleBeanMapper.selectByPrimaryKey" />
  </resultMap>
  <sql id="Base_Column_List">
    ID, USERNAME, PASSWORD, BIRTH, SEX, ROLE_ID
  </sql>
  <select id="selectByPrimaryKey" parameterType="java.lang.Long" resultMap="BaseResultMap">
    select 
    <include refid="Base_Column_List" />
    from LUZHUO.T_USERS
    where ID = #{id,jdbcType=DECIMAL}
  </select>
  <delete id="deleteByPrimaryKey" parameterType="java.lang.Long">
    delete from LUZHUO.T_USERS
    where ID = #{id,jdbcType=DECIMAL}
  </delete>
  <insert id="insertSelective" parameterType="com.lz.entity.UserBean" keyColumn="id" keyProperty="id">
    insert into LUZHUO.T_USERS
    <trim prefix="(" suffix=")" suffixOverrides=",">
      <if test="id != null">
        ID,
      </if>
      <if test="username != null">
        USERNAME,
      </if>
      <if test="password != null">
        PASSWORD,
      </if>
      <if test="birth != null">
        BIRTH,
      </if>
      <if test="sex != null">
        SEX,
      </if>
      <if test="roleId != null">
        ROLE_ID,
      </if>
    </trim>
    <trim prefix="values (" suffix=")" suffixOverrides=",">
      <if test="id != null">
        #{id,jdbcType=DECIMAL},
      </if>
      <if test="username != null">
        #{username,jdbcType=VARCHAR},
      </if>
      <if test="password != null">
        #{password,jdbcType=VARCHAR},
      </if>
      <if test="birth != null">
        #{birth,jdbcType=TIMESTAMP},
      </if>
      <if test="sex != null">
        #{sex,jdbcType=BOOLEAN},
      </if>
      <if test="roleId != null">
        #{roleId,jdbcType=DECIMAL},
      </if>
    </trim>
  </insert>
  <update id="updateByPrimaryKeySelective" parameterType="com.lz.entity.UserBean">
    update LUZHUO.T_USERS
    <set>
      <if test="username != null">
        USERNAME = #{username,jdbcType=VARCHAR},
      </if>
      <if test="password != null">
        PASSWORD = #{password,jdbcType=VARCHAR},
      </if>
      <if test="birth != null">
        BIRTH = #{birth,jdbcType=TIMESTAMP},
      </if>
      <if test="sex != null">
        SEX = #{sex,jdbcType=BOOLEAN},
      </if>
      <if test="roleId != null">
        ROLE_ID = #{roleId,jdbcType=DECIMAL},
      </if>
    </set>
    where ID = #{id,jdbcType=DECIMAL}
  </update>
  <sql id="condition">
 <where>
 <if test="id!=null">
 	id=#{id,jdbcType=DECIMAL}
 </if>
 <if test="username!=null">
 	and  USERNAME = #{username,jdbcType=VARCHAR}
 </if>
 <if test="password != null">
        and PASSWORD = #{password,jdbcType=VARCHAR}
</if>
 </where>
 </sql>
 <select id="selectByMap" parameterType="map" resultMap="BaseResultMap">
 	<if test="pageNum!=null and rowsPerPage!=null and rowsPerPage>0">
 	select * from(
 		select t.*,rownum rn from(
 	</if>
 	select <include refid="Base_Column_List"/> from t_users <include refid="condition"/>
 	<if test="pageNum!=null and rowsPerPage!=null and rowsPerPage>0">
 	<![CDATA[
 	)t where rownum<=${pageNum*rowsPerPage}
 	)where rn>${(pageNum-1)*rowsPerPage}
 	]]>
 	</if>
 </select>
 <select id="selectByMapRowsNum" parameterType="map" resultType="int">
 	select count(id) from t_users
 	<include refid="condition"></include>
 </select>
</mapper>