<!DOCTYPE generatorConfiguration
  PUBLIC "-//mybatis.org//DTD MyBatis Generator Configuration 1.0//EN"
  "http://mybatis.org/dtd/mybatis-generator-config_1_0.dtd">

<generatorConfiguration>
	<context id="context1" targetRuntime="MyBatis3">
		<commentGenerator>
			<property name="suppressAllComments" value="true" />
			<property name="suppressDate" value="true" />
		</commentGenerator>
		<jdbcConnection driverClass="oracle.jdbc.OracleDriver"
			connectionURL="jdbc:oracle:thin:@localhost:1521:ORCL" userId="lu"
			password="123456">
		</jdbcConnection>
		<javaModelGenerator targetPackage="com.lz.entity"
			targetProject="struts2-final">
			<property name="enableSubPackages" value="false" />
			<property name="trimStrings" value="false" />
		</javaModelGenerator>
		<sqlMapGenerator targetPackage="com.lz.mapper"
			targetProject="struts2-final">
			<property name="enableSubPackages" value="false" />
		</sqlMapGenerator>
		<javaClientGenerator type="XMLMAPPER"
			targetPackage="com.lz.dao" implementationPackage="com.lz.dao.impl"
			targetProject="struts2-final">
			<property name="enableSubPackages" value="false" />
		</javaClientGenerator>
		<!-- <table tableName="t_cz" domainObjectName="TableBean" enableCountByExample="false" 
			enableUpdateByExample="false" enableDeleteByExample="false" enableSelectByExample="false" 
			selectByExampleQueryId="false"> </table> -->
<!--  	<table tableName="t_user" domainObjectName="UserBean"
			enableCountByExample="false" enableUpdateByExample="false"
			enableDeleteByExample="false" enableSelectByExample="false"
			selectByExampleQueryId="false">
		</table>
-->
		<table tableName="t_catalog" domainObjectName="CatalogBean"
			enableCountByExample="false" enableUpdateByExample="false"
			enableDeleteByExample="false" enableSelectByExample="false"
			selectByExampleQueryId="false">
		</table>
		<table tableName="t_account" domainObjectName="AccountBean"
			enableCountByExample="false" enableUpdateByExample="false"
			enableDeleteByExample="false" enableSelectByExample="false"
			selectByExampleQueryId="false">
		</table>
	</context>

</generatorConfiguration>