<?xml version="1.0" encoding="UTF-8"?>
<!DOCTYPE configuration PUBLIC "-//mybatis.org//DTD Config 3.0//EN"
"http://mybatis.org/dtd/mybatis-3-config.dtd">
<configuration>
<typeAliases>
	<typeAlias type="com.lz.entity.UserBean" alias="User" />
</typeAliases>
	<environments default="lz">
		<environment id="lz">
			<transactionManager type="JDBC" />
			<dataSource type="POOLED">				
				<property name="driver" value="oracle.jdbc.OracleDriver" />			
				<property name="url" value="jdbc:oracle:thin:@localhost:1521:ORCL" />
				<property name="username" value="lu" />
				<property name="password" value="123456" />
			</dataSource>
		</environment>
	</environments>
	<mappers>
	<mapper resource="com/lz/mapper/UserBeanMapper.xml"/>
	<mapper resource="com/lz/mapper/AccountBeanMapper.xml"/>
	<mapper resource="com/lz/mapper/CatalogBeanMapper.xml"/>
	</mappers>
</configuration>