<?xml version="1.0" encoding="UTF-8" ?>
<!DOCTYPE struts PUBLIC
	"-//Apache Software Foundation//DTD Struts Configuration 2.5//EN"
	"http://struts.apache.org/dtds/struts-2.5.dtd">
<struts>
<package name="fronter" extends="struts-default" namespace="/" strict-method-invocation="false">
	<interceptors>
		<interceptor name="timer1" class="com.lz.interceptor.TimeInterceptor">
			<param name="includeMethods">add,regist</param>
		</interceptor>
		<interceptor-stack name="fStack">
			<interceptor-ref name="timer1"/>
			<interceptor-ref name="defaultStack"/>
		</interceptor-stack>
	</interceptors>
	<default-interceptor-ref name="fStack"/>		
</package>
<package name="admin" extends="struts-default" namespace="/admin" abstract="true">
	<interceptors>
		<interceptor name="checkLogin" class="com.lz.interceptor.CheckLoginInterceptor"/>
		<interceptor-stack name="adminStack">
			<interceptor-ref name="checkLogin"/>
			<interceptor-ref name="defaultStack"/>		
		</interceptor-stack>
	</interceptors>
		<default-interceptor-ref name="adminStack"/>		
		<global-results>
			<result name="login">/index.jsp</result>
		</global-results>		
</package>
</struts>    
