<?xml version="1.0" encoding="UTF-8" ?>
<!DOCTYPE mapper PUBLIC "-//mybatis.org//DTD Mapper 3.0//EN" "http://mybatis.org/dtd/mybatis-3-mapper.dtd" >
<mapper namespace="com.lz.dao.ListBeanMapper" >
  <resultMap id="BaseResultMap" type="com.lz.entity.ListBean" >
    <result column="ID" property="id" jdbcType="DECIMAL" />
    <result column="TITLE" property="title" jdbcType="VARCHAR" />
    <result column="URL" property="url" jdbcType="VARCHAR" />
    <result column="PARENT_ID" property="parentId" jdbcType="DECIMAL" />
    <result column="MENU" property="menu" jdbcType="DECIMAL" />
  </resultMap>
  <insert id="insert" parameterType="com.lz.entity.ListBean" >
    insert into LU.L_LIST (ID, TITLE, URL, 
      PARENT_ID, MENU)
    values (#{id,jdbcType=DECIMAL}, #{title,jdbcType=VARCHAR}, #{url,jdbcType=VARCHAR}, 
      #{parentId,jdbcType=DECIMAL}, #{menu,jdbcType=DECIMAL})
  </insert>
  <insert id="insertSelective" parameterType="com.lz.entity.ListBean" >
    insert into LU.L_LIST
    <trim prefix="(" suffix=")" suffixOverrides="," >
      <if test="id != null" >
        ID,
      </if>
      <if test="title != null" >
        TITLE,
      </if>
      <if test="url != null" >
        URL,
      </if>
      <if test="parentId != null" >
        PARENT_ID,
      </if>
      <if test="menu != null" >
        MENU,
      </if>
    </trim>
    <trim prefix="values (" suffix=")" suffixOverrides="," >
      <if test="id != null" >
        #{id,jdbcType=DECIMAL},
      </if>
      <if test="title != null" >
        #{title,jdbcType=VARCHAR},
      </if>
      <if test="url != null" >
        #{url,jdbcType=VARCHAR},
      </if>
      <if test="parentId != null" >
        #{parentId,jdbcType=DECIMAL},
      </if>
      <if test="menu != null" >
        #{menu,jdbcType=DECIMAL},
      </if>
    </trim>
  </insert>
  
  <select id="selectAll" parameterType="map" resultMap="BaseResultMap">
  <if test="(pageNum!=null) and (pageRows!=null) and(pageRows>0)">
  <![CDATA[
  select * from (
  select rownum rn,l.* from(
   	]]>
  </if>
  	select id,title,url,PARENT_ID,MENU from lu.l_list order by id
  <if test="(pageNum!=null) and (pageRows!=null) and(pageRows>0)">
  	<![CDATA[
  	)l where rownum<=${pageNum*pageRows}
  	)where rn>${(pageNum-1)*pageRows}
  	]]>
  	</if>
  </select>
  <select id="getRows" parameterType="map" resultType="int">
  	select count(id) from lu.l_list
  </select> 
  <delete id="deleteById" parameterType="java.lang.Long">
  	delete from LU.L_LIST
  	where ID=#{id,jdbcType=DECIMAL}
  </delete>
  <update id="update" parameterType="com.lz.entity.PowerBean">
  	update lu.L_LIST set 
  	NAME=#{name,jdbcType=VARCHAR}
  	where ID= #{id,jdbcType=DECIMAL}
  </update>
<select id="select" resultMap="BaseResultMap" parameterType="java.lang.Long">
  	 select * from LU.L_LIST
    where id=  #{id,jdbcType=DECIMAL}
</select>
</mapper>