<?xml version="1.0" encoding="UTF-8" ?>
<!DOCTYPE mapper PUBLIC "-//mybatis.org//DTD Mapper 3.0//EN" "http://mybatis.org/dtd/mybatis-3-mapper.dtd" >
<mapper namespace="com.lz.dao.ManagerBeanMapper" >
  <resultMap id="BaseResultMap" type="com.lz.entity.ManagerBean" >
    <result column="ID" property="id" jdbcType="DECIMAL" />
    <result column="NAME" property="name" jdbcType="VARCHAR" />
    <result column="PASSWORD" property="password" jdbcType="VARCHAR" />
    <result column="TEL" property="tel" jdbcType="DECIMAL" />
    <result column="POWER" property="power" jdbcType="DECIMAL" />
    <result column="REMARKS" property="remarks" jdbcType="VARCHAR" />
    <result column="IP" property="ip" jdbcType="VARCHAR" />
    <association property="power_name" column="POWER" select="com.lz.dao.PowerBeanMapper.select"/>
  </resultMap>
   <sql id="Base_Column_List" >
   	ID,NAME,PASSWORD,TEL,POWER,REMARKS,IP
   </sql>
  <insert id="insert" parameterType="com.lz.entity.ManagerBean" >
    insert into LU.L_MANAGER (ID, NAME, PASSWORD,TEL, POWER, REMARKS, IP)
    values (#{id,jdbcType=DECIMAL}, #{name,jdbcType=VARCHAR}, #{password,jdbcType=VARCHAR}, 
      #{tel,jdbcType=DECIMAL}, #{power,jdbcType=DECIMAL}, #{remarks,jdbcType=VARCHAR}, 
      #{ip,jdbcType=DECIMAL})
  </insert>
  <select id="selectAll" parameterType="map" resultMap="BaseResultMap">
  <if test="(pageNum!=null) and (pageRows!=null) and(pageRows>0)">
  <![CDATA[
  select * from (
  select rownum rn,l.* from(
   	]]>
  </if>
  	select <include refid="Base_Column_List" /> from lu.l_manager order by id
  <if test="(pageNum!=null) and (pageRows!=null) and(pageRows>0)">
  	<![CDATA[
  	)l where rownum<=${pageNum*pageRows}
  	)where rn>${(pageNum-1)*pageRows}
  	]]>
  	</if>
  </select>
  <select id="getRows" parameterType="map" resultType="int">
  	select count(id) from lu.l_manager
  </select> 
  <delete id="deleteById" parameterType="java.lang.Long">
  	delete from LU.L_manager 
  	where ID=#{id,jdbcType=DECIMAL}
  </delete>
  <update id="update" parameterType="com.lz.entity.ManagerBean">
  	update lu.l_manager set 
  	NAME=#{name,jdbcType=VARCHAR}, PASSWORD=#{password,jdbcType=VARCHAR}, 
      TEL=#{tel,jdbcType=DECIMAL}, POWER=#{power,jdbcType=DECIMAL}, REMARKS#{remarks,jdbcType=VARCHAR}, 
      IP#{ip,jdbcType=DECIMAL})
  	where ID= #{id,jdbcType=DECIMAL}
  </update>
<select id="select" resultMap="BaseResultMap" parameterType="java.lang.String">
  	 select * from LU.L_MANAGER
    where name= #{name,jdbcType=VARCHAR}
  </select>
</mapper>