<?xml version="1.0" encoding="UTF-8" ?>
<!DOCTYPE mapper PUBLIC "-//mybatis.org//DTD Mapper 3.0//EN" "http://mybatis.org/dtd/mybatis-3-mapper.dtd" >
<mapper namespace="com.lz.dao.PowerBeanMapper" >
  <resultMap id="BaseResultMap" type="com.lz.entity.PowerBean" >
    <result column="ID" property="id" jdbcType="DECIMAL" />
    <result column="NAME" property="name" jdbcType="VARCHAR" />
  </resultMap>
  <insert id="insert" parameterType="com.lz.entity.PowerBean" >
    insert into l_power (ID, NAME)
    values (#{id,jdbcType=DECIMAL}, #{name,jdbcType=VARCHAR})
  </insert>
  <insert id="insertSelective" parameterType="com.lz.entity.PowerBean" >
    insert into l_power
    <trim prefix="(" suffix=")" suffixOverrides="," >
      <if test="id != null" >
        ID,
      </if>
      <if test="name != null" >
        NAME,
      </if>
    </trim>
    <trim prefix="values (" suffix=")" suffixOverrides="," >
      <if test="id != null" >
        #{id,jdbcType=DECIMAL},
      </if>
      <if test="name != null" >
        #{name,jdbcType=VARCHAR},
      </if>
    </trim>
  </insert>
   <select id="selectAll" parameterType="map" resultMap="BaseResultMap">
  <if test="(pageNum!=null) and (pageRows!=null) and(pageRows>0)">
  <![CDATA[
  select * from (
  select rownum rn,l.* from(
   	]]>
  </if>
  	select id,name from lu.l_power order by id
  <if test="(pageNum!=null) and (pageRows!=null) and(pageRows>0)">
  	<![CDATA[
  	)l where rownum<=${pageNum*pageRows}
  	)where rn>${(pageNum-1)*pageRows}
  	]]>
  	</if>
  </select>
  <select id="getRows" parameterType="map" resultType="int">
  	select count(id) from lu.l_power
  </select> 
  <delete id="deleteById" parameterType="java.lang.Long">
  	delete from LU.L_POWER
  	where ID=#{id,jdbcType=DECIMAL}
  </delete>
  <update id="update" parameterType="com.lz.entity.PowerBean">
  	update lu.L_POWER set 
  	NAME=#{name,jdbcType=VARCHAR}
  	where ID= #{id,jdbcType=DECIMAL}
  </update>
<select id="select" resultMap="BaseResultMap" parameterType="java.lang.Long">
  	 select * from LU.L_POWER
    where ID= #{id,jdbcType=DECIMAL}
</select>
  
</mapper>