<?xml version="1.0" encoding="UTF-8" ?>
<!DOCTYPE mapper PUBLIC "-//mybatis.org//DTD Mapper 3.0//EN" "http://mybatis.org/dtd/mybatis-3-mapper.dtd" >
<mapper namespace="com.lz.dao.ShopperBeanMapper" >
  <resultMap id="BaseResultMap" type="com.lz.entity.ShopperBean" >
    <result column="ID" property="id" jdbcType="DECIMAL" />
    <result column="SHOP" property="shop" jdbcType="VARCHAR" />
    <result column="PASSWORD" property="password" jdbcType="VARCHAR" />
    <result column="TEL" property="tel" jdbcType="DECIMAL" />
    <result column="ADDRESS" property="address" jdbcType="VARCHAR" />
    <result column="REMARKS" property="remarks" jdbcType="VARCHAR" />
    <result column="DUTY_ID" property="duty_Id" jdbcType="DECIMAL" />
  </resultMap> 
   <sql id="Base_Column_List" >
    ID, SHOP, PASSWORD, TEL,ADDRESS,REMARKS,DUTY_ID
 </sql>
  <insert id="insert" parameterType="com.lz.entity.ShopperBean" >
   <selectKey resultType="java.lang.Long" keyProperty="id" order="BEFORE">
   select shopper_sequence.nextVal from dual
  </selectKey>
    insert into LU.L_SHOPPER (ID, SHOP, PASSWORD,TEL, ADDRESS, REMARKS, DUTY_ID)
    values (#{id,jdbcType=DECIMAL}, #{shop,jdbcType=VARCHAR}, #{password,jdbcType=VARCHAR}, 
      #{tel,jdbcType=DECIMAL}, #{address,jdbcType=VARCHAR}, #{remarks,jdbcType=VARCHAR}, 
      #{duty_Id,jdbcType=DECIMAL})
  </insert>
  <select id="selectAll" parameterType="map" resultMap="BaseResultMap">
  <if test="(pageNum!=null) and (pageRows!=null) and(pageRows>0)">
  <![CDATA[
  select * from (
  select rownum rn,l.* from(
   	]]>
  </if>
  	select <include refid="Base_Column_List" /> from lu.l_shopper order by id
  <if test="(pageNum!=null) and (pageRows!=null) and(pageRows>0)">
  	<![CDATA[
  	)l where rownum<=${pageNum*pageRows}
  	)where rn>${(pageNum-1)*pageRows}
  	]]>
  	</if>
  </select>
  <select id="getRows" parameterType="map" resultType="int">
  	select count(id) from lu.l_shopper
  </select>
  
  <delete id="deleteById" parameterType="java.lang.Long">
  	delete from LU.L_SHOPPER 
  	where ID=#{id,jdbcType=DECIMAL}
  </delete>
  <update id="update" parameterType="com.lz.entity.ShopperBean">
  	update lu.l_shopper set 
  	shop=#{shop,jdbcType=VARCHAR},address=#{address,jdbcType=VARCHAR} ,password=#{password,jdbcType=VARCHAR},TEL=#{tel,jdbcType=DECIMAL}
  	,REMARKS=#{remarks,jdbcType=VARCHAR},DUTY_ID=#{duty_Id,jdbcType=DECIMAL}
  	where id= #{id,jdbcType=DECIMAL}
  </update>
</mapper>