<?xml version="1.0" encoding="UTF-8" ?>
<!DOCTYPE mapper PUBLIC "-//mybatis.org//DTD Mapper 3.0//EN" "http://mybatis.org/dtd/mybatis-3-mapper.dtd" >
<mapper namespace="com.lz.dao.ShoppingBeanMapper" >
  <resultMap id="BaseResultMap" type="com.lz.entity.ShoppingBean" >
    <result column="ID" property="id" jdbcType="DECIMAL" />
    <result column="GOODS" property="goods" jdbcType="VARCHAR" />
    <result column="PRICE" property="price" jdbcType="DECIMAL" />
    <result column="ADDRESS" property="address" jdbcType="VARCHAR" />
  </resultMap>
<sql id="Base_Column_List" >
    ID, GOODS, ADDRESS, PRICE
 </sql>
  <delete id="deleteById" parameterType="java.lang.Long">
  	delete from LU.L_SHOPPING 
  	where ID=#{id,jdbcType=DECIMAL}
  </delete>
  <update id="update" parameterType="com.lz.entity.ShoppingBean">
  	update l_shopping set 
  	goods=#{goods,jdbcType=VARCHAR},address=#{address,jdbcType=VARCHAR},price=#{price,jdbcType=DECIMAL} 
  	where id= #{id,jdbcType=DECIMAL}
  </update>
  <select id="select" resultMap="BaseResultMap" parameterType="java.lang.Long">
  	 select * from LU.L_SHOPPING
    where ID = #{id,jdbcType=DECIMAL}
  </select>
  <insert id="insert" parameterType="com.lz.entity.ShoppingBean" >
  <selectKey resultType="java.lang.Long" keyProperty="id" order="BEFORE">
   select shopping_sequence.nextVal
   from dual
  </selectKey>
    insert into LU.L_SHOPPING (ID, GOODS, PRICE, 
      ADDRESS)
    values (#{id,jdbcType=DECIMAL}, #{goods,jdbcType=VARCHAR}, #{price,jdbcType=DECIMAL}, 
      #{address,jdbcType=VARCHAR})
  </insert>
  <insert id="insertSelective" parameterType="com.lz.entity.ShoppingBean" >
    insert into LU.L_SHOPPING
    <trim prefix="(" suffix=")" suffixOverrides="," >
      <if test="id != null" >
        ID,
      </if>
      <if test="goods != null" >
        GOODS,
      </if>
      <if test="price != null" >
        PRICE,
      </if>
      <if test="address != null" >
        ADDRESS,
      </if>
    </trim>
    <trim prefix="values (" suffix=")" suffixOverrides="," >
      <if test="id != null" >
        #{id,jdbcType=DECIMAL},
      </if>
      <if test="goods != null" >
        #{goods,jdbcType=VARCHAR},
      </if>
      <if test="price != null" >
        #{price,jdbcType=DECIMAL},
      </if>
      <if test="address != null" >
        #{address,jdbcType=VARCHAR},
      </if>
    </trim>
  </insert>
  <select id="selectAll" parameterType="map" resultMap="BaseResultMap">
  <if test="(pageNum!=null) and (pageRows!=null) and(pageRows>0)">
  <![CDATA[
  select * from (
  select rownum rn,l.* from(
   	]]>
  </if>
  	select <include refid="Base_Column_List" /> from l_shopping order by id
  	<if test="(pageNum!=null) and (pageRows!=null) and(pageRows>0)">
  	<![CDATA[
  	)l where rownum<=${pageNum*pageRows}
  	)where rn>${(pageNum-1)*pageRows}
  	]]>
  	</if>
  </select>
  <select id="getRows" parameterType="map" resultType="int">
  	select count(id) from l_shopping
  </select>
</mapper>